8e8df9a7440c1243p	https://xview3downloads.xview.us/public/8e8df9a7440c1243p.tar.gz?Expires=1786264037&Signature=Cy5Zr8wAu9Mzn7S8lXZtED8G3WCuJA2VWSy3lRJg1QgG0PYDxTIWL1mApLR2vOsIW5lDfkw7MwT1pm~btkL-nDRAysaACc8mK5GAiykqjkjlszmMBz9pd9XX~wksPPhsbkDP8Wm60NmVQDcV00WfeFlQoy5InSxiTvjf8QMrcaw2hUqFwV7YRugSmT1GRAL43KdxRXSKQDaziTTNkylzJ-24hHpbxuUFzxyF2MODZjDZpov1T0A9tjK2W4VtMnQYakVhpUgXqOs3ek1zPLIlDajEgZtlMgq4t34k5YGlOnn1GHiZYChRjo8Ljm6805sOZgfeIY8E548v37IepR98ww__&Key-Pair-Id=APKAIKGDJB5C3XUL2DXQ
f77492d9a28db605p	https://xview3downloads.xview.us/public/f77492d9a28db605p.tar.gz?Expires=1786264037&Signature=NU9dHqw9N6FBaATpZibpZ1J0DtRl-oq5GSOVE~QVSCf1pfpWoJgOLSocCMhUEwurZh2cJpcBpYOlcZqmDVv8odZWhbUYqVLJRNI4VvnzxnAQLUih~EBZeOf38P6JADJsE3xkjX9gH68y9q2TpWpGxfzBZDjw9~i5rNAOH3~ujCvIxmpGthsWmKW-gNzzhOQV9UtgSPOWFQx5qSUt-8I8bu-Tt9QId--FviQC4pnfOi9A-xfNgzZmgsGbeKBI~pPERnYRkG~nFf6i1DvsXBGrDoofpfWxZUFhCK44jKKK6QW6myiBoKY0G5qqMKDBuNIlNKtmk7LWETmqCkmTKvOobA__&Key-Pair-Id=APKAIKGDJB5C3XUL2DXQ
3bc01ebcedc7e328p	https://xview3downloads.xview.us/public/3bc01ebcedc7e328p.tar.gz?Expires=1786264037&Signature=VkdS2xCzMLsnRe2vt0-ohjNjl5l-v9Q1AbrzbHA0hjQCMYDhJ7MikmRzE2AzPibBZ5CMrd5A353Dq94e8cJA3ojYC5BNlRQfHeNeXOrWO-QK6ZDGEmSAJD-2MLQmeMIZmEjfjtZcGM5~DSaUwfV2eAwdNVtWZpvVXH0QFu~5de0c~JTe2BmDNR90ygKBG903eyfb2CUO0fB8R9MzBoY5sj20vxUAtRiL5JoAD-vfTv~CzNB8Qs9uzPx0pXeQTbBY5T3EGBGoX11N~tfdBr-jBe7pP~3nxNgZg8fhk2TyxFEDqAVXU3TCnKamu2HhReH5YIhYDMfgu4gusn8~4bt2cg__&Key-Pair-Id=APKAIKGDJB5C3XUL2DXQ
aad0cc0c9ff85960p	https://xview3downloads.xview.us/public/aad0cc0c9ff85960p.tar.gz?Expires=1786264037&Signature=A8Ust1zE2VyLH~u9Rra-waPHGbClAbhTbBghVG620sZjc8jKV3OYZEg9sQ6yIu3PPcDpACC1YeUVEe9GGJE8adJxGTh62B~-8Mlw0tjYlXn1hBras5lqf5mGJNrjVYxogX~TQi-f6AbRyhd6JGfVT-~uGkEYG3mXjVpLtuolonV5CZl7H2vpBbRIDBCi27j28I46GhxEEz9lnnuKM5imrc3z9bRIxtJoLqwsKwDeYhXdOcM2w2aW4XD700pKXuJeeUrzRjv~4O3O9vr8fMnU64A8uNT-wKNfiPzAXIQnEr1Rv1~SxqV08BQwCL1rZ~tru~gnEjdX0Dv6CYiJbg9Cww__&Key-Pair-Id=APKAIKGDJB5C3XUL2DXQ
ed7647eaf1bfdbdep	https://xview3downloads.xview.us/public/ed7647eaf1bfdbdep.tar.gz?Expires=1786264037&Signature=K6UmczSLL2lOFT2~4L~~C9UN~5Zw3oVEU~0POPuefRsJk1uAKMOOM5xFo4G27rWnY93Wpt5yqHk98uG5M3w0MYuReUnuiBTCrSbpwN5mbp6Kk8nhOArJaUXyralzehf~~YP-JFwc83BSsToY80rBfLbmjTfWNG658t~nSdoOlZT7N8FFNvI1JaVVT9irhrJa20Li6vLXcKKLTZznnfykhfu6iPXCjlqQvQ3M2-oLJaboT5UxWYJy1FOghZ5eXQeVuBURX4JizKcV~8WL6SftX0qT0NyXQDZOEqnWP9pG8aIkz0Q38ihoWsZTzerwYr3RfuAo1uMf2Ium3ifrcZLgvQ__&Key-Pair-Id=APKAIKGDJB5C3XUL2DXQ
860e65f9f3191ffdp	https://xview3downloads.xview.us/public/860e65f9f3191ffdp.tar.gz?Expires=1786264037&Signature=cOnbJt1ugJkGQv-50v-NsgbqXaCcRMFCR50E8zqDA~8emDQNVAqMQD-o3iPsxdO1OmTxjqJbHhuozblNd9I5PnWAJz4qbNKK11YVfPqDEsbpJkD1cGGswFrp5dBq36mL5ZnWFYbjCcKSzUCVej0NJsPvuHFKovERIidApZ~BdSgQh3ysPguiIuUsXMmcv0CyJkDA8TUvptMzBmQ9hCPkbZBPBUcWGtuTC~aN9tRWW8afMAKsGiBiBJKVv1AeiHu1aElMCxNdBI5cpvkwFAVez6udey6oqe~-zLkPIqZmsjxeK8krI4GvkeWHUk~yRSAPuchhJuUvtnxSsqvTKX~9HA__&Key-Pair-Id=APKAIKGDJB5C3XUL2DXQ
583ae138189d9121p	https://xview3downloads.xview.us/public/583ae138189d9121p.tar.gz?Expires=1786264037&Signature=GkPnO-umFIrcbmjApny9u7ysP1kg7NkU~0eZhk0xkrijbGOd9eEfdXJDAFceVm14irMQh9QatXnOKAT5NhCTnCpP5d9k2ni7xFoqfiD4xgscQm~hi2RTGwTe1z1L5k7k22oJbrfiUPpJHRwqKtfway~OeIoUVTRwPRstjyUSWKPhAe-~XBwBWdgrc6RFy7RUWb-ZHmkW4gZyhzL2mXihjLPr4M1QevaYCZ-G0T4f44nH2qenYzZNEv1qr~WdAz-~VpFLcQT~nYZ17WbtmviBGFUIy1jQ4OEHqcslKFlSMjNy~eypKeVmAD5Qs-VQuIHjuIfcGerR-iaMPPO78p-Akw__&Key-Pair-Id=APKAIKGDJB5C3XUL2DXQ
1c904ce36a05bdddp	https://xview3downloads.xview.us/public/1c904ce36a05bdddp.tar.gz?Expires=1786264036&Signature=Z8wcpyOvwHOlkmeMDQukYLO77xYQJC~739X~~RzFo~ZqzBpZz7eA5KWX0Gzydr~D5l~OJ3EHbFywjI8mXtwE~Bg7A2~N78fCiuams~yt1EW39foeL-mNa3fdpwqEdvaijUWwpNVPmYajFg~y7YxxsZXulZjRqQcY5d97URNhYXD95FKtABcml9foILv0ksVS8c-rE0gGoMfD-s2GxF1DvgD2bexaC6fLL5OwsQSm6sfo9~sJDoxYtdv7HLCpkR~o4hGHKOfv0qtA4LgZ4H0pz5eBmJI8hwewCMsmTumCw3wheK-xmDtkbeXX0Pf2VHfBzLEvaBvfmHBg0N--umJ72g__&Key-Pair-Id=APKAIKGDJB5C3XUL2DXQ
4f1ac44118a7cc96p	https://xview3downloads.xview.us/public/4f1ac44118a7cc96p.tar.gz?Expires=1786264037&Signature=pqn66BMIXuQkcnOd4coCxDMk~r9CsvkumHCdrZbZunEWmwwR1uF~hs9dzMjcu-97VZjvyB1VafW205jWhSWkd-25lUGW0vUPa9V2ruEPUYPwpc3FUfvjrXMI2OhdTu4RBqMsFSWdPZqOH7-X2dS32Y5JMdYf62VN0jyHqf90ITg9LhcZjq~m9ROYQuf--muoagMNXqDsuc8zv4THaOZFBwBXfhUaN0~8r5FHC5d54dviYCpZea4Itbbo-RDHxtvwoP9A4jFMAkvGmDoKWi4UvyMCo-23NfnkSNCYpKEP9DirBz-hCnQXd9T6sfhxkfSCs4WIypw2jcLLz~gh897pNQ__&Key-Pair-Id=APKAIKGDJB5C3XUL2DXQ
97e4833c46771a67p	https://xview3downloads.xview.us/public/97e4833c46771a67p.tar.gz?Expires=1786264037&Signature=HcW3SbrLp--STHxc4Ldly0MHrORkb84WLvYVQekiwj5ER~4uZJ7l20V-XuURgCtewc9xyLjTnxCVoEcd0xCsRPzTwfNoyYdu9SHsWbDaPvEJ7ZltlBd5KMoGmU~V7XfvriNoubdQT-~zHpELLdlOIhwuw5euIrALgEnO4Jmg8~IcTW3VEcrpKWyxZnTMgIhr-Wa4Ub7CESGSOnZjEfLxCZvgMfqR0jzRZf3RXS6vxHHBk5GiwRB9Reif1hbDDpwAToNWtSWbHxEiXiPnObXh6W62aL1qcdOZymUZWZGoz2tq1iBdAu0l01w5nT0A3poavXQuLbQEq1eMFGeyFyusHA__&Key-Pair-Id=APKAIKGDJB5C3XUL2DXQ
6ed4301901fa31fbp	https://xview3downloads.xview.us/public/6ed4301901fa31fbp.tar.gz?Expires=1786264036&Signature=f7NHJ3FNnCq-uSyFzmZPjr9N79Pp3gmKdCkTvDrSmtSwKwKTF1MlRQWkUlj5IGUsAXG7iVVKOvFUbPb-Z18zibhbvlTa8qdgXu1zV4a7I~wTz-vp0ortYGn7knJOsEmbFIoBvglQfZc~ET0UYi-Et4ctlvqcp4AIBk-M8EPGjiYm~2burPDE08eq9Zen-1wzcJlokGY3G~4Us492GKamoWOX04-1BNCJbT4gg3S7mj-wcS6msb6IndBpgfyy20ene3lA1qyc2X1iruCEOsvDKIsM3lRYy4Q7H6bXEUeuDWTxjq9jwX8XJ8v2efPB1JyT0fxYmxhpTWVh7QxDATGMTQ__&Key-Pair-Id=APKAIKGDJB5C3XUL2DXQ
5af616b150417f93p	https://xview3downloads.xview.us/public/5af616b150417f93p.tar.gz?Expires=1786264037&Signature=Prq3yA-5a9LXZ~Z0lvaY11mGuiBrR0w3GpPgh~Ska9ZP2c2dGEKa6kL2pmpLP60bJ~l8qLsM6qZu40dfkzk426z-T9FPucnWtKIF2uiiU80Ze~Dl2oGYk~IvnLfoA0xpRaRsD2mv6HRQI19U~ZY2kDDs8zGWFBH2IfbT501acT1LGKdJtHLZBGkHkrgNcozvnEUyw6vsMdQZ7za~Dc2-M2NFeDK3O2QBwwrJGue6URreoxv5zDL2BNNkbZ-ePZD~jRIiDianUotuu7qwEJ0NoGOrLA5jnOUHglwSwKrgFwgbye~6EoMBPKJqDJrUR7bJj1h89fh8ERNZIhdZur9rRA__&Key-Pair-Id=APKAIKGDJB5C3XUL2DXQ
55281e894b4445dfp	https://xview3downloads.xview.us/public/55281e894b4445dfp.tar.gz?Expires=1786264037&Signature=WE6fOTfBGkDZK95J8ivaFHaFw1xS7HMAq114MXHLtmjRCJ9cNnTZjKIXRJYB5sC1dwzpWKVnPtsgrqC4FO71rqoYGAZ5RO1y9dm5RWF-l3G0Rqk9EDE~04Dfi3QD1XdLJEkAQcYhRHovP3ernfa2gVYfzaeukpUOXd63saWEg2ld-uAdNst7IYIb8X6pCvSglgWJWxXs-93bjVxDZSBpD8wnCIwes2CZebZzNatH-Yg0I3UoNDgFj-J~SZRTxbtPY0sNjoURStbmHxUtHncoxc9MBydd8HfsqBRof4oTES3xpdTdJQf1ReCNVNA~3ohjZUiN7o~Pjvv3X9rwqeAC5Q__&Key-Pair-Id=APKAIKGDJB5C3XUL2DXQ
7dd2a5a4d2e9e27bp	https://xview3downloads.xview.us/public/7dd2a5a4d2e9e27bp.tar.gz?Expires=1786264037&Signature=XwmzAoLnQXvd-hoT8jMUI-XT9BKEplL6K27pijZAhV9VgPPm9NbeUrSugGP3J9N~Snd329bHpIWntJuVQIbGmrIM2c9qnk94VkdLBdcWPtaC42cdt7N1FLn-unq-~86zmIUitqTL5xCG8E59Jq~Ic-OERVvgKzTYcT3qvRXKVX3J~DXTRN9TvpQGWKoDRZTvyFrtaIWAZ1cY9-JwlZHRyey-WB8nesOJwMVkMqg0UzUhAJMZGn1ljse0spSFLnrgmFi9CXnJCP2VBSSh3pIcZuYP3aZ5~CCrjEIchWwRme37Uwn-4j4LLh21jRYYrmGNxqit3L7VtOLii0dpMVRHSQ__&Key-Pair-Id=APKAIKGDJB5C3XUL2DXQ
cf10d2ab427c6aedp	https://xview3downloads.xview.us/public/cf10d2ab427c6aedp.tar.gz?Expires=1786264037&Signature=llOoBTy2l3HgAt4Q7Mun-Ce-RuSnmhCR4hGqxD7ro2E4fmYmPGnz1J-c1RlLrLpsj1Atj0o8XM65ZpPWgGd3WO11b~ijkz76yKdGP5TdZy8RiSz3uUVAO8BLMlIvjBUcVtLHsoFyIBJWRqV0SSNJ1c38dpMfwvHs4lVHdM8mWffJTgz3YKhCT0j3ckri9oySOLFxkvbI5mr2-JRJOk0h~mRkCBnWuUjAXVLAIcQ5JzcI6dh-JUweRIzZRdvEJpkJ8gCunNU8yBD-j0cvhtMrVwlboMK9eTAX4HyygkiXX7oY08X~cltSwOAa2VafwpQjcet9KqiYLWnX7TXOKuZ70A__&Key-Pair-Id=APKAIKGDJB5C3XUL2DXQ
b5857d9d4719c304p	https://xview3downloads.xview.us/public/b5857d9d4719c304p.tar.gz?Expires=1786264036&Signature=naEw6B3rWBgsvL~0yo46ATkjIX-bBdB2gftmJxG4uClUHauc8bc2KdA1W-KF9xIU7TQbaJ~Me3fxLj61qiFmgUU9pdsAzE91mSU04NoiGHyL7tlXzByafa9PfZ7Cs06d7~dmutdoRtngezAvnL95~1M4Z2QcjIMctckLUzc8WpH0DqZHmUuLDU053tbesaDYfKVC1gIC9GUmCnZu6Xkgb5NyHkkzu6IIprIFwYTR~XZllChTWpm7afgFySVObqtSX96HB3vxie0hQI4LSbZcUG8HUZDwjmxA6-UH19Sa0CnRvsY~wxGCOsPhsPPEQuDZENBZPlutXyWm~rnIN1-7MQ__&Key-Pair-Id=APKAIKGDJB5C3XUL2DXQ
dff6047c947e8fb6p	https://xview3downloads.xview.us/public/dff6047c947e8fb6p.tar.gz?Expires=1786264037&Signature=FixtK-srBBiYm6Ut7Vjx~9y2OQ7X7MB~nw088JysD4p712PfJLQP6NooyOmSd0Qbn12wXOX5Y8LuLSg4OVUP50V5Sujqk6bUUU~zsmQk6vygRYqEhEIlVFyhbHHzHIPftBqdlkvVbQGeMYx0TRnXbLo9f13~lQeNjtFG4QSvFioCxk-2sP412e1G78GZlqBCp2a9iRXB5drhFaQGDojKgL3eovRXp21PhrqnZNRXThYsUBMPbOVC3qZtYluBR2atGQjbe7rd5FiUr5H8qEOOAkhNzb-IzcYmjoqz-tMgGCqGaVe5JCg-KGUKbF7wQRvK-NAbfRrzuPZgtu0kyuFQlw__&Key-Pair-Id=APKAIKGDJB5C3XUL2DXQ
9afdf1b6ba2e069ep	https://xview3downloads.xview.us/public/9afdf1b6ba2e069ep.tar.gz?Expires=1786264037&Signature=QG94VX4J~aoFtwgZp0FS8HKTeCo2EPeN2f7ngwA~~A2yJ5kO7y73FBOBiJJ8tJaUfqPowT6Qsfz6E2Ftko1WfOfCya8y9GlGCCTI1ht2-ihC3efStYmxrxnYKK37EIS-flMKZgDoaDw324R0BAYeqQgMO65iDE3qeyx-EfVMEb-EgDIuNgrkAq-xWgLbcUY-ccG39QT~vpFlD1K04hX8YTuKI9n9B9TUQaeElo9hz83QUp4xroHNXHbOu0FdHYoV3n8uq1YkGhzUDQS~1D6aJirHR7Y9tPZ4fQir3M6D-yDwzLoN4oQF5hHNLUKa7VQMCjXItf-hZ3FHodeDjVZdjg__&Key-Pair-Id=APKAIKGDJB5C3XUL2DXQ
c078ff51eb54a68fp	https://xview3downloads.xview.us/public/c078ff51eb54a68fp.tar.gz?Expires=1786264036&Signature=HB0LGVDo51fVIf~~VrPLnsNxhVzKba2hLk4j4yrd4uxVeH9I9wKOZnS~tUXI8v6ejEga44ueC6acXUhShls12VB7RcUUm5FTgTpYar2fZu8Ic-TP8RV3JZLvh5PNYe7-Yq1RjMnfAogUng6umd6VD0qqWlDLSovtDca0M1VSVwSyIM0UE0X8Nszyr2~n8bWoNfrBbNUgaA2C4mA0F9lL5Zso0B7MV23DqiSWda82edK-8-51Ag~xi12qVf36UXY7T6uaC1tHdrwlau1GAs8Hi01Nwte9NeJfKU-jMrX~IY5Y1nfcbv6IMh3Cx9i-S0EDI7WW3Mkwy93EPrjQACXmkA__&Key-Pair-Id=APKAIKGDJB5C3XUL2DXQ
0bc18737319f2ce6p	https://xview3downloads.xview.us/public/0bc18737319f2ce6p.tar.gz?Expires=1786264036&Signature=flelOh40FAhkdmlu6goh-uptbQvVWHmtZR-HcfXdHLEbeeHzKRpRNq73Q8n9TTZhCpmql4XWrvfuiIRuAnDXaepiyrTFkpD10QbshBveBUxcon-EUiDPeuqLo2a~iuqThyHugR2MzEg4QAKe4z53k2iQ6o~PV-PLlwuX6RyrHSoy89EEBYQ5cbFP3aXQe0cupB3tUE9cdckQ0-8QjGo5uVtFmBR5Fj3XaWoGtpsxz~xTSnHAwraBIjx9-UTGDHN9Mc6txeIxu9CKIvqlwmIQy0I4P9AfaQMOVqwfR6kesNtv9s7-h-obNlwW4l0VFqRZFgSCeCpP6d9kfQMbyZC9yw__&Key-Pair-Id=APKAIKGDJB5C3XUL2DXQ
cd67e528fd692386p	https://xview3downloads.xview.us/public/cd67e528fd692386p.tar.gz?Expires=1786264036&Signature=eetpNUtqyCYtaWhLaNCmzpApzhklZ~Ne5Y-6uGLKyII999fy3HQjDtk8Up7mq0N4VMKixAiPxuoW~FHvNNLCHBGs4Auil3oTWy2zqVCQWUvu~N8Mn3vfs3qP2jyFCxR729Eh6S3jI13laKLDhRAV5FlX-QwyoGzThNThwPlNCawGTCl5HEegU3DowdMOjUtXDtfMJHmAh7Zp6vYGCu9VavBrIgGa07XETzQgMAzJflwpoLMiJ4FSFWdLSrZqxvHpbDgqNIOl9Ukr8AakYQSe5RJv8E9WTIOYhr49f6lU6-sqE~-fbxGIhE1fLeKeAZZNIm6zuXerhWeaSWeKABkImA__&Key-Pair-Id=APKAIKGDJB5C3XUL2DXQ
2afbfbcc8499a514p	https://xview3downloads.xview.us/public/2afbfbcc8499a514p.tar.gz?Expires=1786264037&Signature=WyFiJvj2SCuZD0HNztIHps~JXdqn8R2v0EsywgZetkcKEy4vQeXp6WsOLcQgypHAmtkcts-Gcbj0c8srH3XhvZaL2cIqPEfkp3Ablu58P1lsEq4uIBDl~2p3m7wHHSKcIakdMVS9BdC7ugKxZWKhpGKxzQMkd8U6XrIW9PRk1cP7Y4KQQs2kXxlU8Dvhvcaf7iXj3IDUvVkApBytr0NnZGb51BACSQc3L1ddPeFbW18Xhx9lZ0A~dGVUS2JfyXR~a~4gt7QOPsiNDeWR25OW8kx15oYdGELPxYZ-o-~7WsNUbEqGnEj5XWjputq5Hj9f5w4HLN2vrOyTSqN2h3x3Qg__&Key-Pair-Id=APKAIKGDJB5C3XUL2DXQ
570f8bf76cac1d94p	https://xview3downloads.xview.us/public/570f8bf76cac1d94p.tar.gz?Expires=1786264037&Signature=cxzoFuf455dU4d1yEKXEJZ7MJpingR~Px1Oyl7A898h88BhRIX32wdvO5G2zr3KW~sDpI11lkVJ~eYRA27EcthPemygVWTgPziLfAN8s0-5uqSgRd4PntDjZbDxsvyLVwYN~S1nUm9XeOIzX29wa6Dth6~Z1FIDt9RZxNWEccMjsKpg5kC-9KoUALvY0np0AbJgSb~EOZFqDBzI-hngCUaPjTAS8jlzMvMLMpfcBoeHhUeXedPH8~vpl7opYdx6Bglp1YGPitGhyPhTanh4dgEkMC-ZetwowTcxOdPBix4aHlHmSSxcHpxTFFLNKCgSDSD9yS4E8I3olv9wpT55ymw__&Key-Pair-Id=APKAIKGDJB5C3XUL2DXQ
f72465088b4c4276p	https://xview3downloads.xview.us/public/f72465088b4c4276p.tar.gz?Expires=1786264037&Signature=bArDG57k4HrehKnUhuHBHlnEqvtrkbk~3i8tguGEMPU8bYscUs7ySDCPWdAbqBqenFwfDbdvdojlLdEKs3VHlQLPdjw6iKQZtQJ~V5~QhIS5jss3ec8aolj9VInFQe99Gbz0HDqB7cqe79f-kthI05DVFltm0PvI2tZnpNRsGq34Dgewr4oC7~cnTN5yx-zzwuPTzpDAn3xRXI1nguXqV8ufojgTHcodeVNcxLRGlUaQqh75dCRrDsoja7yNNvuBn7t6xqJ9I~tatSrlMa8zcWiRx38G9Z3mh51nuK3pK7Du7nlTRwRUI6~KFnaBBUoiKhnAkPmHPOmA~A7fovlolA__&Key-Pair-Id=APKAIKGDJB5C3XUL2DXQ
93cd69e7a7ca7b2ap	https://xview3downloads.xview.us/public/93cd69e7a7ca7b2ap.tar.gz?Expires=1786264037&Signature=pDHVy0~VUXRFuk01JmlF1PeOqWqi-ODobPH6Z65ID2aGDmDPYww3JN9GDsmWZlzz8Xl5EJPXnU2ZQkohcSiCOy6eaQvbtJ6SAKyypb9RpnY8xyS8w0MZw6C6cRGdoTnREIoFIOMKqyjX05CU98voxVDjzNpt923JEwmtTEH0z5jwcDy1uyNHlACxiUBExIHi~nAb7Kf8pQE6Mqt9cWTsDOZsF7KVzWlEGo12rTImG7XHsnc2AWoxpW6~nxm0p1biysX2mCjLp8XSF3UTL1y594CmCd0odcmx~h3TkcreFM4wMQsnQBBIA3csWz-4k3M0E5I7ezGe~DrOuTF95BMpjQ__&Key-Pair-Id=APKAIKGDJB5C3XUL2DXQ
8bac7ec905895b12p	https://xview3downloads.xview.us/public/8bac7ec905895b12p.tar.gz?Expires=1786264037&Signature=m08ngho3L3b~GHXa3ig~M3wUJzhPeQG9TE8OtOPDhiNZ~xT7su9QtJ9J5iPFRANlCYEOknFqpisnCpePYttVXg4ISipK~B5bnV5GvcFUSuf5ID3Yhg9OKThU3l1HyDtqq0wUbxhdXVNlE9mElS4VKRtto1uH-cBakuAks6iyo0lPx5QDS1RZZvLaAj5552C8037dhriPnOJ-m2Rk4brIM2JIow0mfeaRi0-3xHp~SnWyrWUYrOypfRnXM9t~VkfHD8UtYO3bpqzWD~GSzq688ramZAyYTsmRIBgIjwLryc5K6NfjQ9VP-NEvjF2HlioFOzXIqFtkIU0zf-A3c6RiQQ__&Key-Pair-Id=APKAIKGDJB5C3XUL2DXQ
679f1af0ae91e23ep	https://xview3downloads.xview.us/public/679f1af0ae91e23ep.tar.gz?Expires=1786264036&Signature=ROcx~9jHHh7nDvxJgbSxIMF5juGwpE29RSEOivEumZg~RIdEiAJIJq0lwxJTSK2mGizS8tQOZMqUTa89vq~gluRqWbLoaKk77D3wrsF-kHKkBRlZVk-1mF3lJBL~Gqaog41mCvdFi4Db~VrZBacHr2jc4wg5YJ1y7UzAYAk0DdZtDGwC~~wiTHAeq~LMmsZ87oCzO0NWZ98XW~cDC8L4Wj4bKdiryzI6JddQt3fnsklzA1h1vLrjYGDAsAafc~HrBQVu~EYR3YDTedQSTBY5T2n7fdRrZUwXkRzy6Ma9qwpwSeXPmFRhBMWcQPKhpBJv1xs2O~JpRf7yqOFlYPH3wA__&Key-Pair-Id=APKAIKGDJB5C3XUL2DXQ
0e815a40b2fbdc76p	https://xview3downloads.xview.us/public/0e815a40b2fbdc76p.tar.gz?Expires=1786264036&Signature=aJAz3kGK9hiXXN5GMigwx7LEUumb85VDV4oaNkB-JWXYwXSaxXDLn~rKzJGqBEqlTX4HlazOZjGGlPwTfbFPRk~zBzulT84IUrjNZKfk5svipn89y0vbib5Q9za5dfMBcEHoVoIOia~8Rc41bSSwHNwAwChKGtGxWEXZ1pINVIuerPq53Np3M4jjHe7TXBDChUB0V9TXFEM6RtMTMy71ulnmk9cqPQihJmd3dBoGxLiLhDrQ4hIvw3WVy5DQNzE4axARBamrIQTPe8~eQws4rhA6ju3LKcojb3mbIlE6pG5W9--8bdIWENNn2ZIjbXGuP-Ye9q5a04klkzNGVn1gZQ__&Key-Pair-Id=APKAIKGDJB5C3XUL2DXQ
f9db277f662e8bcap	https://xview3downloads.xview.us/public/f9db277f662e8bcap.tar.gz?Expires=1786264037&Signature=XY~p3t7oFzlb1HJKIGw2o3VIgmnyqitdxy6JezhA8sOObRHMcFinlFozKl5pLqp2liORwik4NLj3DznBQe5263VtJjgLpj0GLF2bKXfiJ2n~PqZJ5z3LppmwipmHbrhA7AJaB-xmt4Zh5MSd4SOgyZ6fbA-jI6qhjk7tXzay0vNwK9AhCTPsAMvZN81V-KPVSeGw1VNEhbJpUNknmzPmVL2bOUtEOME2SnnNA62Ml4fZv-BmodNoJPfObQQblKLRfpuE8Sypreda9gxDBZbMZ0YlLOjU7trxXqARgQBoU9KUWjYkh7wl5PBU8hh4wOcqOPdGi7dUkeIXqrnec~a-xw__&Key-Pair-Id=APKAIKGDJB5C3XUL2DXQ
ebbbee77e0b8bfbdp	https://xview3downloads.xview.us/public/ebbbee77e0b8bfbdp.tar.gz?Expires=1786264037&Signature=SIzD8G9litiYtmYqJ~pjjafW~Vv9CQ~SfKjnwnsoHw~sQGfs9cyYL9Ar1nGigwwz2bkCOm8Xlc1dnoTkBtBtKK3aGqK0ffnZ7LzwbrRhDGQ8dFJAfQMRQ3XPs-jOhbjuifIHyw4LQxT1tx8dY9TNC6SEtRMRC8lUUJXgEhnJB7Xp-Jz1f5Btai8U4c1vIlI9Al6CADTupfSf4K0tdekdCunBTD2Oxhl4Np3wHncQQhkvX6pvHKCdl74VqwwKvLB6OHI8SM8S2P3muGTsABQ2c0fq8CPLkcYcTFWNdQO5WdV1W8xxkKk2inSR23x8l3L~NBIl8w7XpFB9KO~HE0TQsg__&Key-Pair-Id=APKAIKGDJB5C3XUL2DXQ
f9e403da040d714cp	https://xview3downloads.xview.us/public/f9e403da040d714cp.tar.gz?Expires=1786264037&Signature=d0H5WYubHIe6YNH-ADbJtIF6ywTbyIPzi7xDJfMQxb977vrG7r~vvhFwZwR3bAf5Y~Ec0SQaWXj61MhfRrTMLfp-7C0fUO3SUP8LQ6IRNc-hikCahWs-RQPXGypzXjSXP~rc2XfvCqXB-IVymH7-78Lf7XqExwzsPQGYVjT9nZPcqyyaHOS10cUmAwK10Yh-PyJOf0xya2C4DT8D2wUIyCMA-Gz00BPIcmSKY452icFAcL8XiioQm8QoQTnR2vfxkrXbCTXTMHXazfIN7EHvMa2noxcFc7nwx2YFdBt7ZIcZPkqljX-BRx69Pr0QPRnBURDp56aJjqtObKS3XU3JRg__&Key-Pair-Id=APKAIKGDJB5C3XUL2DXQ
8decb780ddc167b9p	https://xview3downloads.xview.us/public/8decb780ddc167b9p.tar.gz?Expires=1786264037&Signature=Hx8P5mqEfGlC1aoEboNHS-ZAPRwqhvDDF9zzFqrPm51y3XPrzOnkqMaR-kE2hD1pCHqF9z1LXTX8MG43pwWm-pPMdiFPG9Kc9zC87xZf03URVIEP~v6sbuWz-EMwyzl5U5eMrS-vO9N1C-sC~F~03GtqsXi-xEpGXQkjbCCZaRJwCpVCNJbhzw03TDJNp5qfdtO8lgKfH9tc1vPKdE7aGfavZ1UB031PZlbibAZrOqwjMSKV9oKP9-s5MLGC9ONtaK6ySkwAXK3Qu8K6znkndubSj7o30gGJ-FhSoXDsrKav1jPswQirrF0Mqk2peZ40UQ9Uf9TN2xOa2~XckN4vTg__&Key-Pair-Id=APKAIKGDJB5C3XUL2DXQ
ec00f105aafbade6p	https://xview3downloads.xview.us/public/ec00f105aafbade6p.tar.gz?Expires=1786264037&Signature=o8o5r6XuvdtO1ju5Q2331jVNmChq6MYiVXKtiPLF61r0SEPDJG5NJQNrD-LF8uMgUefa6fYQXS1jyKG1cNwWKpO7X88Br-8owrII4gASDJ38Wv7A-uTBvp5IwuM52Lo7oyEmhIeJAsifxdxYoP0~H2G7YV4ceTJpmmZQXLKRe2yomAh1ORiVGqp2k4wsRUxX-m89UkSlGh~JHwMNb5R-MKV2kDnpmn8cTcIkS1w-AphjEcVMAP4Tj3q6B8MnEKtYg8se2k8DI4~U2vD7zFJqKkIBp186Go80ScmEcSI-KlNLC8JMHOlT67MWrjiBUycWxEy-6dijseBGzaXOPvU5~w__&Key-Pair-Id=APKAIKGDJB5C3XUL2DXQ
b771e72b21c08775p	https://xview3downloads.xview.us/public/b771e72b21c08775p.tar.gz?Expires=1786264036&Signature=dPfeMkCMGssjVT4nMuEpnQvf2ESvnEljoSPMgp0FTZo54Ovjny~WkC3mFC4svaHRT~bDE4c2b6-FDvEtbd~FqG4chvZ-MX9BxFms4CLAZ1ijOyshBWUyijtiIRotnbi9P~V29ZTRkHX47-~dpBW5oaOznM3f1Z9Jv63scdsKFQgSiXI05SCLUQgt0JRNweQggPuHzLIhKTXcgYr4Hf8W24P92kiPbl4yh54N8rbP~eMwq83-W3AtE5v4NHmhBMaCMARlE7qjgTNytkS6IyopddnpxIrf7LD-3g7aFP857FKE8F~7fbsCTeagX10Lf9tJDN-6Xl7-sFT5ZzQJDulh~A__&Key-Pair-Id=APKAIKGDJB5C3XUL2DXQ
3a0fff47ada3e269p	https://xview3downloads.xview.us/public/3a0fff47ada3e269p.tar.gz?Expires=1786264037&Signature=k2XnqR0mZ9YnAd7Eu5eoQrlMojrtC-60WC~zi61UWmCY92~EQXzDHvra~bopXEcLpjDvyWLtNZVD8wH2iaswk-FueEMOqmXgv5fH94oZH7lWPiAz4CorbHcFkCPzf6naKFT8VUgGn5FYny2hT~qvFmAUnw5wS~ppp~zr~nS9OftxviBXxO6roeH9RHTqe8F~2oJJ-eYeEoH0PauOYLyNVNflR7whzSb2Ac91QxFf-XeWTmxiqjqPWIf8hf4a5xfy7TuOsNp~f-BWwyoUM2rSxoNBDJVwsgXI1lKzaB8JlVyIZFQHKNKOn6mwjp20wM4vUluH1q8GFsch2iYplcyPGw__&Key-Pair-Id=APKAIKGDJB5C3XUL2DXQ
