8e8df9a7440c1243p	https://xview3downloads.xview.us/public/8e8df9a7440c1243p.tar.gz?<presigned-dicabut>
f77492d9a28db605p	https://xview3downloads.xview.us/public/f77492d9a28db605p.tar.gz?<presigned-dicabut>
3bc01ebcedc7e328p	https://xview3downloads.xview.us/public/3bc01ebcedc7e328p.tar.gz?<presigned-dicabut>
aad0cc0c9ff85960p	https://xview3downloads.xview.us/public/aad0cc0c9ff85960p.tar.gz?<presigned-dicabut>
ed7647eaf1bfdbdep	https://xview3downloads.xview.us/public/ed7647eaf1bfdbdep.tar.gz?<presigned-dicabut>
860e65f9f3191ffdp	https://xview3downloads.xview.us/public/860e65f9f3191ffdp.tar.gz?<presigned-dicabut>
583ae138189d9121p	https://xview3downloads.xview.us/public/583ae138189d9121p.tar.gz?<presigned-dicabut>
1c904ce36a05bdddp	https://xview3downloads.xview.us/public/1c904ce36a05bdddp.tar.gz?<presigned-dicabut>
4f1ac44118a7cc96p	https://xview3downloads.xview.us/public/4f1ac44118a7cc96p.tar.gz?<presigned-dicabut>
97e4833c46771a67p	https://xview3downloads.xview.us/public/97e4833c46771a67p.tar.gz?<presigned-dicabut>
6ed4301901fa31fbp	https://xview3downloads.xview.us/public/6ed4301901fa31fbp.tar.gz?<presigned-dicabut>
5af616b150417f93p	https://xview3downloads.xview.us/public/5af616b150417f93p.tar.gz?<presigned-dicabut>
55281e894b4445dfp	https://xview3downloads.xview.us/public/55281e894b4445dfp.tar.gz?<presigned-dicabut>
7dd2a5a4d2e9e27bp	https://xview3downloads.xview.us/public/7dd2a5a4d2e9e27bp.tar.gz?<presigned-dicabut>
cf10d2ab427c6aedp	https://xview3downloads.xview.us/public/cf10d2ab427c6aedp.tar.gz?<presigned-dicabut>
b5857d9d4719c304p	https://xview3downloads.xview.us/public/b5857d9d4719c304p.tar.gz?<presigned-dicabut>
dff6047c947e8fb6p	https://xview3downloads.xview.us/public/dff6047c947e8fb6p.tar.gz?<presigned-dicabut>
9afdf1b6ba2e069ep	https://xview3downloads.xview.us/public/9afdf1b6ba2e069ep.tar.gz?<presigned-dicabut>
c078ff51eb54a68fp	https://xview3downloads.xview.us/public/c078ff51eb54a68fp.tar.gz?<presigned-dicabut>
0bc18737319f2ce6p	https://xview3downloads.xview.us/public/0bc18737319f2ce6p.tar.gz?<presigned-dicabut>
cd67e528fd692386p	https://xview3downloads.xview.us/public/cd67e528fd692386p.tar.gz?<presigned-dicabut>
2afbfbcc8499a514p	https://xview3downloads.xview.us/public/2afbfbcc8499a514p.tar.gz?<presigned-dicabut>
570f8bf76cac1d94p	https://xview3downloads.xview.us/public/570f8bf76cac1d94p.tar.gz?<presigned-dicabut>
f72465088b4c4276p	https://xview3downloads.xview.us/public/f72465088b4c4276p.tar.gz?<presigned-dicabut>
93cd69e7a7ca7b2ap	https://xview3downloads.xview.us/public/93cd69e7a7ca7b2ap.tar.gz?<presigned-dicabut>
8bac7ec905895b12p	https://xview3downloads.xview.us/public/8bac7ec905895b12p.tar.gz?<presigned-dicabut>
679f1af0ae91e23ep	https://xview3downloads.xview.us/public/679f1af0ae91e23ep.tar.gz?<presigned-dicabut>
0e815a40b2fbdc76p	https://xview3downloads.xview.us/public/0e815a40b2fbdc76p.tar.gz?<presigned-dicabut>
f9db277f662e8bcap	https://xview3downloads.xview.us/public/f9db277f662e8bcap.tar.gz?<presigned-dicabut>
ebbbee77e0b8bfbdp	https://xview3downloads.xview.us/public/ebbbee77e0b8bfbdp.tar.gz?<presigned-dicabut>
f9e403da040d714cp	https://xview3downloads.xview.us/public/f9e403da040d714cp.tar.gz?<presigned-dicabut>
8decb780ddc167b9p	https://xview3downloads.xview.us/public/8decb780ddc167b9p.tar.gz?<presigned-dicabut>
ec00f105aafbade6p	https://xview3downloads.xview.us/public/ec00f105aafbade6p.tar.gz?<presigned-dicabut>
b771e72b21c08775p	https://xview3downloads.xview.us/public/b771e72b21c08775p.tar.gz?<presigned-dicabut>
3a0fff47ada3e269p	https://xview3downloads.xview.us/public/3a0fff47ada3e269p.tar.gz?<presigned-dicabut>
